Fiber Length(km),Bit Delay
10,4.265625
20,8.59375
30,12.953125
40,17.109375
50,21.40625
60,25.59375
70,29.765625
80,33.96875
90,38.3125
100,42.640625
